{
  "0": {
    "height": 0.0,
    "speed": 0.0,
    "angle": 1.0003110369265618,
    "mass": 82.78867102396514
  },
  "5": {
    "height": 0.5906074189657066,
    "speed": 18769.256592622427,
    "angle": 1.000439646328953,
    "mass": 80.28555866791162
  },
  "10": {
    "height": 0.15985347935820152,
    "speed": 39255.21345998092,
    "angle": 1.008746216072925,
    "mass": 93.13135349083927
  },
  "15": {
    "height": 0.1088794683501584,
    "speed": 61547.06450621097,
    "angle": 1.0571728355275916,
    "mass": 109.34003942692125
  },
  "20": {
    "height": 0.09451696420603349,
    "speed": 85768.56627840541,
    "angle": 1.1425296058940488,
    "mass": 134.93016959917912
  },
  "25": {
    "height": 0.0745748987621888,
    "speed": 112253.82029392855,
    "angle": 1.3775457573209555,
    "mass": 202.1937899934116
  },
  "30": {
    "height": 0.07110654578251939,
    "speed": 141434.87964091008,
    "angle": 1.7687318103405922,
    "mass": 318.97001074619146
  },
  "35": {
    "height": 0.0675572425689763,
    "speed": 173750.284238451,
    "angle": 2.6700466995603955,
    "mass": 371.01136375355196
  },
  "40": {
    "height": 0.06735097943675702,
    "speed": 209643.73876139655,
    "angle": 3.118336513112093,
    "mass": 385.2505747062105
  },
  "45": {
    "height": 0.06987367682740042,
    "speed": 249563.43801911367,
    "angle": 3.3800307704918695,
    "mass": 378.828827848452
  },
  "50": {
    "height": 0.07379381663673677,
    "speed": 293961.6594607527,
    "angle": 4.86346380077377,
    "mass": 363.09300413431885
  },
  "55": {
    "height": 0.07908558573958423,
    "speed": 343294.6775596639,
    "angle": 8.595873906889608,
    "mass": 347.3571804201857
  },
  "60": {
    "height": 0.0851339846078035,
    "speed": 398023.0654896302,
    "angle": 36.926179022616154,
    "mass": 331.62135670605255
  },
  "65": {
    "height": 0.09178004749201671,
    "speed": 458612.46208022395,
    "angle": -16.477340109248434,
    "mass": 315.8855329919194
  },
  "70": {
    "height": 0.09577549738617612,
    "speed": 525534.893902797,
    "angle": -7.512196781219571,
    "mass": 300.14970927778626
  },
  "75": {
    "height": 0.06569717261767956,
    "speed": 599270.774007755,
    "angle": -261.3553641558824,
    "mass": 284.4138855636531
  },
  "80": {
    "height": 0.07476453972546816,
    "speed": 680311.7112183865,
    "angle": -1389.6424970206645,
    "mass": 317.73742401953325
  },
  "85": {
    "height": 0.08418127454523718,
    "speed": 769164.315150351,
    "angle": 170.61132919787846,
    "mass": 413.8200213166151
  },
  "90": {
    "height": 0.09372866858495658,
    "speed": 866355.2234051421,
    "angle": 74.23283278615757,
    "mass": 628.6339194195709
  },
  "95": {
    "height": 0.10310599175557922,
    "speed": 972437.6461347662,
    "angle": -16.58141989851749,
    "mass": 686.1134118636112
  },
  "100": {
    "height": 0.11203715888058186,
    "speed": 1087999.8248261772,
    "angle": -11.362633718899701,
    "mass": 661.519968252158
  },
  "105": {
    "height": 0.12019807474002656,
    "speed": 1213675.9137888956,
    "angle": -8.640046439211126,
    "mass": 634.988924925819
  },
  "110": {
    "height": 0.12721419285712215,
    "speed": 1350160.0004175475,
    "angle": -6.966791450016927,
    "mass": 606.2819241136145
  },
  "115": {
    "height": 0.13285625192665115,
    "speed": 1497472.1115038407,
    "angle": -5.835633283363016,
    "mass": 575.1197484107928
  },
  "120": {
    "height": 0.13864680275731028,
    "speed": 1653565.4800696394,
    "angle": -5.021075888709077,
    "mass": 541.1734419085878
  },
  "125": {
    "height": 0.1449410160885511,
    "speed": 1739644.0557888637,
    "angle": -4.404095821558634,
    "mass": 554.5638932078515
  },
  "130": {
    "height": 0.1514340160855498,
    "speed": 1783776.8320157737,
    "angle": -3.9209814076176444,
    "mass": 569.25583510144
  },
  "135": {
    "height": 0.15810152167620747,
    "speed": 1828670.0444464523,
    "angle": -3.5324456245985045,
    "mass": 585.4748858617577
  },
  "140": {
    "height": 0.16494786958528562,
    "speed": 1874349.8421962184,
    "angle": -3.2133287784913542,
    "mass": 603.5355668849593
  },
  "145": {
    "height": 0.17197755455269173,
    "speed": 1920843.754005692,
    "angle": -2.9474857080582884,
    "mass": 623.5944755333331
  },
  "150": {
    "height": 0.1791985547773484,
    "speed": 1968180.7663767717,
    "angle": -2.7198211401555756,
    "mass": 647.3252060308553
  },
  "155": {
    "height": 0.1866569815838398,
    "speed": 2016391.4485918488,
    "angle": -2.4824210278912924,
    "mass": 684.0732406429859
  },
  "160": {
    "height": 0.19428398590019116,
    "speed": 2065508.066201577,
    "angle": -2.324162035311288,
    "mass": 714.5520308477455
  },
  "165": {
    "height": 0.2021285510713536,
    "speed": 2115564.701351399,
    "angle": -2.186607625089038,
    "mass": 749.6984353355156
  },
  "170": {
    "height": 0.21023957615143302,
    "speed": 2166597.3989715567,
    "angle": -2.051754423013726,
    "mass": 800.2267029084829
  },
  "175": {
    "height": 0.21856509303130595,
    "speed": 2218644.3158592675,
    "angle": -1.9503962659064167,
    "mass": 850.4281471572588
  },
  "180": {
    "height": 0.227150987607794,
    "speed": 2271745.891670959,
    "angle": -1.863731017041709,
    "mass": 910.2663215738273
  },
  "185": {
    "height": 0.236018358000354,
    "speed": 2325945.033199264,
    "angle": -1.789948967265274,
    "mass": 983.8653744496953
  },
  "190": {
    "height": 0.24519924046163852,
    "speed": 2381287.329264718,
    "angle": -1.7273340109960038,
    "mass": 1077.5827514451205
  },
  "195": {
    "height": 0.2547003804725414,
    "speed": 2437821.250911356,
    "angle": -1.6777905805856463,
    "mass": 1196.0404506688874
  },
  "200": {
    "height": 0.26456087102725995,
    "speed": 2495598.433054894,
    "angle": -1.6400105589000888,
    "mass": 1354.8893761296129
  },
  "205": {
    "height": 0.27481934646935857,
    "speed": 2554673.93765292,
    "angle": -1.6141737800909073,
    "mass": 1581.1173471686714
  },
  "210": {
    "height": 0.2855005315902924,
    "speed": 2615106.567554842,
    "angle": -1.60111912143451,
    "mass": 1920.6554849396593
  },
  "215": {
    "height": 0.2966625257349142,
    "speed": 2676959.2125350847,
    "angle": -1.6013224096935343,
    "mass": 2503.908554882152
  },
  "220": {
    "height": 0.3083350936176385,
    "speed": 2740299.238720778,
    "angle": -1.6156423800017312,
    "mass": 3703.5730929816646
  },
  "225": {
    "height": 0.3205575452887933,
    "speed": 2805198.9213449624,
    "angle": -1.6447818393374862,
    "mass": 7584.681387529975
  },
  "230": {
    "height": 0.3334077502865538,
    "speed": 2871735.9384828135,
    "angle": -1.6832884843182376,
    "mass": 39045000.0
  },
  "235": {
    "height": 0.34668119404390163,
    "speed": 2939993.91483883,
    "angle": -1.3842777122623524,
    "mass": 37502500.0
  },
  "240": {
    "height": 0.3601468984173175,
    "speed": 3010063.0544985165,
    "angle": -1.4095077055153065,
    "mass": 35960000.0
  },
  "245": {
    "height": 0.3737682183332977,
    "speed": 3082040.84167502,
    "angle": -1.7646589889179813,
    "mass": 34417500.0
  },
  "250": {
    "height": 0.38753189610195793,
    "speed": 3156032.8501303177,
    "angle": -2.6285273581020645,
    "mass": 32875000.0
  },
  "255": {
    "height": 0.40141840796834183,
    "speed": 3232153.664858808,
    "angle": -5.319002246511603,
    "mass": 31332500.0
  },
  "260": {
    "height": 0.4154017257900431,
    "speed": 3310527.933827096,
    "angle": -128.38147600804797,
    "mass": 29790000.0
  },
  "265": {
    "height": 0.4294591915759639,
    "speed": 3391291.582438189,
    "angle": 7.003887039455634,
    "mass": 28247500.0
  },
  "270": {
    "height": 0.44356835590516847,
    "speed": 3474593.2205386735,
    "angle": 4.1498660882169665,
    "mass": 26705000.0
  },
  "275": {
    "height": 0.45770675883633194,