{
  "0": {
    "height": 0.0,
    "speed": 0.0,
    "angle": 90.0,
    "mass": 266000.0
  },
  "5": {
    "height": 46.225556475465694,
    "speed": 18.769256592622426,
    "angle": 90.0,
    "mass": 257957.5
  },
  "10": {
    "height": 190.5533753037367,
    "speed": 39.25521345998092,
    "angle": 90.0,
    "mass": 249915.0
  },
  "15": {
    "height": 441.7871188199181,
    "speed": 61.54706450621097,
    "angle": 90.0,
    "mass": 241872.5
  },
  "20": {
    "height": 809.0383835245196,
    "speed": 85.76856627840542,
    "angle": 89.93522489374041,
    "mass": 233830.0
  },
  "25": {
    "height": 1300.6616445210789,
    "speed": 112.25382029392856,
    "angle": 89.85425601091593,
    "mass": 225787.5
  },
  "30": {
    "height": 1924.512920152534,
    "speed": 141.43487964091008,
    "angle": 89.77328712809145,
    "mass": 217745.0
  },
  "35": {
    "height": 2688.041108410333,
    "speed": 173.750284238451,
    "angle": 89.69231824526697,
    "mass": 209702.5
  },
  "40": {
    "height": 3597.809951461203,
    "speed": 209.64373876139655,
    "angle": 89.6113493624425,
    "mass": 201660.0
  },
  "45": {
    "height": 4658.931164136027,
    "speed": 249.56343801911368,
    "angle": 89.53038047961802,
    "mass": 193617.5
  },
  "50": {
    "height": 5874.420803402242,
    "speed": 293.9616594607527,
    "angle": 89.44941159679354,
    "mass": 185575.0
  },
  "55": {
    "height": 7244.490760770372,
    "speed": 343.2946775596639,
    "angle": 89.36844271396906,
    "mass": 177532.5
  },
  "60": {
    "height": 8765.790080084642,
    "speed": 398.0230654896302,
    "angle": 89.28747383114458,
    "mass": 169490.0
  },
  "65": {
    "height": 10430.610467047061,
    "speed": 458.61246208022396,
    "angle": 89.2065049483201,
    "mass": 161447.5
  },
  "70": {
    "height": 12226.073246121738,
    "speed": 525.5348939027971,
    "angle": 89.12553606549562,
    "mass": 153405.0
  },
  "75": {
    "height": 14133.314123071259,
    "speed": 599.270774007755,
    "angle": 89.04456718267114,
    "mass": 145362.5
  },
  "80": {
    "height": 16126.682305222901,
    "speed": 680.3117112183866,
    "angle": 88.96359829984667,
    "mass": 137320.0
  },
  "85": {
    "height": 18172.970282953716,
    "speed": 769.1643151503511,
    "angle": 88.88262941702219,
    "mass": 129277.5
  },
  "90": {
    "height": 20230.68796328879,
    "speed": 866.355223405142,
    "angle": 88.80166053419771,
    "mass": 121235.0
  },
  "95": {
    "height": 22249.39487514235,
    "speed": 972.4376461347662,
    "angle": 88.72069165137323,
    "mass": 113192.5
  },
  "100": {
    "height": 24169.097621832603,
    "speed": 1087.9998248261772,
    "angle": 88.63972276854875,
    "mass": 105150.0
  },
  "105": {
    "height": 25919.720039959957,
    "speed": 1213.6759137888955,
    "angle": 88.55875388572427,
    "mass": 97107.5
  },
  "110": {
    "height": 27420.645019037493,
    "speed": 1350.1600004175475,
    "angle": 88.4777850028998,
    "mass": 89065.0
  },
  "115": {
    "height": 28622.810605739865,
    "speed": 1497.4721115038408,
    "angle": 88.42920367320511,
    "mass": 81022.5
  },
  "120": {
    "height": 29854.553161069613,
    "speed": 1653.5654800696395,
    "angle": 88.42920367320511,
    "mass": 72980.0
  },
  "125": {
    "height": 31192.255231005427,
    "speed": 1739.6440557888636,
    "angle": 88.42920367320511,
    "mass": 71437.5
  },
  "130": {
    "height": 32570.16768295897,
    "speed": 1783.7768320157738,
    "angle": 88.42920367320511,
    "mass": 69895.0
  },
  "135": {
    "height": 33982.895208761256,
    "speed": 1828.6700444464523,
    "angle": 88.42920367320511,
    "mass": 68352.5
  },
  "140": {
    "height": 35431.04292083281,
    "speed": 1874.3498421962186,
    "angle": 88.42920367320511,
    "mass": 66810.0
  },
  "145": {
    "height": 36915.23661244396,
    "speed": 1920.843754005692,
    "angle": 88.42920367320511,
    "mass": 65267.5
  },
  "150": {
    "height": 38436.12435059508,
    "speed": 1968.1807663767718,
    "angle": 88.42920367320511,
    "mass": 63725.0
  },
  "155": {
    "height": 39994.37742142042,
    "speed": 2016.391448591849,
    "angle": 88.42920367320511,
    "mass": 62182.5
  },
  "160": {
    "height": 41590.69164602086,
    "speed": 2065.508066201577,
    "angle": 88.42920367320511,
    "mass": 60640.0
  },
  "165": {
    "height": 43225.78873950439,
    "speed": 2115.564701351399,
    "angle": 88.42920367320511,
    "mass": 59097.5
  },
  "170": {
    "height": 44900.418594063485,
    "speed": 2166.5973989715567,
    "angle": 88.42920367320511,
    "mass": 57555.0
  },
  "175": {
    "height": 46615.358475496374,
    "speed": 2218.6443158592674,
    "angle": 88.42920367320511,
    "mass": 56012.5
  },
  "180": {
    "height": 48371.41782453623,
    "speed": 2271.7458916709593,
    "angle": 88.42920367320511,
    "mass": 54470.0
  },
  "185": {
    "height": 50169.43813203797,
    "speed": 2325.9450331992643,
    "angle": 88.42920367320511,
    "mass": 52927.5
  },
  "190": {
    "height": 52010.295540992185,
    "speed": 2381.287329264718,
    "angle": 88.42920367320511,
    "mass": 51385.0
  },
  "195": {
    "height": 53894.90262452583,
    "speed": 2437.821250911356,
    "angle": 88.42920367320511,
    "mass": 49842.5
  },
  "200": {
    "height": 55824.212202258124,
    "speed": 2495.5984330548945,
    "angle": 88.42920367320511,
    "mass": 48300.0
  },
  "205": {
    "height": 57799.21742487307,
    "speed": 2554.67393765292,
    "angle": 88.42920367320511,
    "mass": 46757.5
  },
  "210": {
    "height": 59820.956577372584,
    "speed": 2615.106567554842,
    "angle": 88.42920367320511,
    "mass": 45215.0
  },
  "215": {
    "height": 61890.51557824771,
    "speed": 2676.9592125350846,
    "angle": 88.42920367320511,
    "mass": 43672.5
  },
  "220": {
    "height": 64009.03121826102,
    "speed": 2740.299238720778,
    "angle": 88.42920367320511,
    "mass": 42130.0
  },
  "225": {
    "height": 66177.69464240776,
    "speed": 2805.1989213449624,
    "angle": 88.42920367320511,
    "mass": 40587.5
  },
  "230": {
    "height": 68397.75337775274,
    "speed": 2871.7359384828137,
    "angle": 88.42920367320511,
    "mass": 39045.0
  },
  "235": {
    "height": 70670.52803209057,
    "speed": 2939.9939148388303,
    "angle": 88.42920367320511,
    "mass": 37502.5
  },
  "240": {
    "height": 72997.39184258062,
    "speed": 3010.0630544985165,
    "angle": 88.42920367320511,
    "mass": 35960.0
  },
  "245": {
    "height": 75379.80174557111,
    "speed": 3082.0408416750197,
    "angle": 88.42920367320511,
    "mass": 34417.5
  },
  "250": {
    "height": 77819.29102216152,
    "speed": 3156.032850130318,
    "angle": 88.42920367320511,
    "mass": 32875.0
  },
  "255": {
    "height": 80317.4796737733,
    "speed": 3232.153664858808,
    "angle": 88.42920367320511,
    "mass": 31332.5
  },
  "260": {
    "height": 82876.08078522095,
    "speed": 3310.527933827096,
    "angle": 88.42920367320511,
    "mass": 29790.0
  },
  "265": {
    "height": 85496.9092007411,
    "speed": 3391.291582438189,
    "angle": 88.42920367320511,
    "mass": 28247.5
  },
  "270": {
    "height": 88181.89115915648,
    "speed": 3474.5932205386734,
    "angle": 88.42920367320511,
    "mass": 26705.0
  },
  "275": {
    "height": 90933.07457401018,
    "speed": 3560.5957675797576,
    "angle": 88.42920367320511,
    "mass": 25162.5
  },
  "280": {
    "height": 93752.64088907256,
    "speed": 3649.4783489276883,
    "angle": 88.42920367320511,
    "mass": 23620.0
  },
  "285": {
    "height": 96642.91866925325,
    "speed": 3741.438532965506,
    "angle": 88.42920367320511,
    "mass": 23620.0
  },
  "290": {
    "height": 99606.39941789549,
    "speed": 3836.6949265372077,
    "angle": 88.42920367320511,
    "mass": 23620.0
  },
  "295": {
    "height": 102645.75431912368,
    "speed": 3935.4902991570493,
    "angle": 88.42920367320511,
    "mass": 23620.0
  },
  "300": {
    "height": 105763.85557224827,