{
  "0": {
    "height": 78.3055794222746,
    "speed": 174.96511345975844,
    "angle": 89.97201538085938,
    "mass": 52452.01953125
  },
  "5": {
    "height": 161.27076646347996,
    "speed": 184.47651000929562,
    "angle": 89.97201538085938,
    "mass": 50849.7265625
  },
  "10": {
    "height": 484.1174099901691,
    "speed": 218.29124373708405,
    "angle": 89.93743896484375,
    "mass": 48917.87890625
  },
  "15": {
    "height": 953.9108008929761,
    "speed": 260.02094478170625,
    "angle": 89.93743896484375,
    "mass": 47270.125
  },
  "20": {
    "height": 1522.279165984015,
    "speed": 303.03761461700327,
    "angle": 88.90673828125,
    "mass": 45804.1953125
  },
  "25": {
    "height": 2163.98481484456,
    "speed": 344.90009674587117,
    "angle": 88.0921630859375,
    "mass": 44463.265625
  },
  "30": {
    "height": 2930.988151921192,
    "speed": 386.550030544515,
    "angle": 86.8961181640625,
    "mass": 43099.60546875
  },
  "35": {
    "height": 3801.27885463601,
    "speed": 426.5933908982527,
    "angle": 85.24765014648438,
    "mass": 41735.94921875
  },
  "40": {
    "height": 4752.880181901273,
    "speed": 467.20429937980305,
    "angle": 84.23849487304688,
    "mass": 40395.0234375
  },
  "45": {
    "height": 5877.261552810669,
    "speed": 513.9639471349167,
    "angle": 82.51837158203125,
    "mass": 38963.18359375
  },
  "50": {
    "height": 7142.533123556408,
    "speed": 567.6804290063783,
    "angle": 80.72412109375,
    "mass": 37508.6171875
  },
  "55": {
    "height": 8571.082995903911,
    "speed": 631.2079067958165,
    "angle": 78.53753662109375,
    "mass": 36031.32421875
  },
  "60": {
    "height": 10149.370516061084,
    "speed": 701.7957573002443,
    "angle": 76.19570922851562,
    "mass": 34565.390625
  },
  "65": {
    "height": 11954.85132387688,
    "speed": 779.9211391405713,
    "angle": 73.3701171875,
    "mass": 33054.00390625
  },
  "70": {
    "height": 13932.627191580483,
    "speed": 863.6382180674793,
    "angle": 70.41851806640625,
    "mass": 31553.982421875
  },
  "75": {
    "height": 16194.516636407818,
    "speed": 960.5797119623088,
    "angle": 67.113525390625,
    "mass": 29997.140625
  },
  "80": {
    "height": 18651.0465238936,
    "speed": 1068.2071980819262,
    "angle": 63.9151611328125,
    "mass": 28463.02734375
  },
  "85": {
    "height": 21228.194820071338,
    "speed": 1183.0395057569608,
    "angle": 59.476806640625,
    "mass": 26997.095703125
  },
  "90": {
    "height": 23909.198719201377,
    "speed": 1303.7814165872103,
    "angle": 55.19512939453125,
    "mass": 25599.349609375
  },
  "95": {
    "height": 26893.295295632444,
    "speed": 1422.4298728888625,
    "angle": 50.852752685546875,
    "mass": 13216.736328125
  },
  "100": {
    "height": 30752.79993946606,
    "speed": 1481.5624326657082,
    "angle": 46.18450927734375,
    "mass": 12809.638671875
  },
  "105": {
    "height": 34977.160864835256,
    "speed": 1550.601794076712,
    "angle": 39.970733642578125,
    "mass": 12376.4462890625
  },
  "110": {
    "height": 39424.883829056285,
    "speed": 1625.5174592376275,
    "angle": 33.302581787109375,
    "mass": 11932.814453125
  },
  "115": {
    "height": 44247.409529154305,
    "speed": 1656.269249048997,
    "angle": 26.51483154296875,
    "mass": 11681.6416015625
  },
  "120": {
    "height": 50317.93584967288,
    "speed": 1658.7424381730914,
    "angle": 28.471649169921875,
    "mass": 11531.5888671875
  },
  "125": {
    "height": 56713.27749347419,
    "speed": 1664.5174916469764,
    "angle": 28.9891357421875,
    "mass": 11371.751953125
  },
  "130": {
    "height": 63181.56153698743,
    "speed": 1647.4636667829,
    "angle": 28.646636962890625,
    "mass": 11311.078125
  },
  "135": {
    "height": 69495.29343892937,
    "speed": 1616.636072966091,
    "angle": 26.108367919921875,
    "mass": 11311.078125
  },
  "140": {
    "height": 75674.89479191194,
    "speed": 1586.5101501112301,
    "angle": 23.222320556640625,
    "mass": 11311.078125
  },
  "145": {
    "height": 81626.73942764569,
    "speed": 1557.4747574742123,
    "angle": 20.362823486328125,
    "mass": 11311.078125
  },
  "150": {
    "height": 87519.6290955526,
    "speed": 1528.692967658918,
    "angle": 17.449920654296875,
    "mass": 11311.078125
  },
  "155": {
    "height": 93236.65412032837,
    "speed": 1500.723446253238,
    "angle": 14.5413818359375,
    "mass": 11311.078125
  },
  "160": {
    "height": 98803.60872215894,
    "speed": 1473.4300220956002,
    "angle": 11.6260986328125,
    "mass": 11311.078125
  },
  "165": {
    "height": 104265.30031272199,
    "speed": 1446.5828927100522,
    "angle": 8.747711181640625,
    "mass": 11311.078125
  },
  "170": {
    "height": 109537.52861266513,
    "speed": 1420.5914763956691,
    "angle": 5.904052734375,
    "mass": 11311.078125
  },
  "175": {
    "height": 114665.70027872536,
    "speed": 1395.2237469928996,
    "angle": 3.05462646484375,
    "mass": 11311.078125
  },
  "180": {
    "height": 119671.13852181868,
    "speed": 1370.368479557268,
    "angle": 0.188262939453125,
    "mass": 11311.078125
  },
  "185": {
    "height": 124516.0162997176,
    "speed": 1346.2094163361483,
    "angle": -2.6720004081726074,
    "mass": 11311.078125
  },
  "190": {
    "height": 129240.45638168626,
    "speed": 1322.543422369823,
    "angle": -5.548758029937744,
    "mass": 11311.078125
  },
  "195": {
    "height": 133826.5552120373,
    "speed": 1299.4574644475642,
    "angle": -8.430215835571289,
    "mass": 11311.078125
  },
  "200": {
    "height": 138258.5223886429,
    "speed": 1277.0306284865583,
    "angle": -11.304929733276367,
    "mass": 11311.078125
  },
  "205": {
    "height": 142589.77313184214,
    "speed": 1254.991731225992,
    "angle": -14.206836700439453,
    "mass": 11311.078125
  },
  "210": {
    "height": 146737.22263461677,
    "speed": 1233.7649863352983,
    "angle": -17.07860565185547,
    "mass": 11311.078125
  },
  "215": {
    "height": 150769.86333020066,
    "speed": 1213.0003619961926,
    "angle": -19.96572494506836,
    "mass": 11311.078125
  },
  "220": {
    "height": 154687.3904020792,
    "speed": 1192.700270176368,
    "angle": -22.868141174316406,
    "mass": 11311.078125
  },
  "225": {
    "height": 158474.75133882998,
    "speed": 1172.9451200937467,
    "angle": -25.774106979370117,
    "mass": 11311.078125
  },
  "230": {
    "height": 162118.89420784987,
    "speed": 1153.8077265836287,
    "angle": -28.69501495361328,
    "mass": 11311.078125
  },
  "235": {
    "height": 165991.84262223856,
    "speed": 1133.31942149693,
    "angle": -31.872610092163086,
    "mass": 11311.078125
  },
  "240": {
    "height": 169383.44383102248,
    "speed": 1115.2420811894742,
    "angle": -34.7886848449707,
    "mass": 11311.078125
  },
  "245": {
    "height": 172446.45086211036,
    "speed": 1098.8001671339814,
    "angle": -37.52298355102539,
    "mass": 11311.078125
  },
  "250": {
    "height": 175619.73159559956,
    "speed": 1081.6429038124672,
    "angle": -40.46770477294922,
    "mass": 11311.078125
  },
  "255": {
    "height": 178620.2456003048,
    "speed": 1065.2972354213746,
    "angle": -43.36887741088867,
    "mass": 11311.078125
  },
  "260": {
    "height": 181522.0447316008,
    "speed": 1049.3692798612917,
    "angle": -46.30724334716797,
    "mass": 11311.078125
  },
  "265": {
    "height": 184590.98563451727,
    "speed": 1032.3878040803681,
    "angle": -49.537574768066406,
    "mass": 11311.078125
  },
  "270": {
    "height": 187236.04386151338,
    "speed": 1017.6331114641629,
    "angle": -52.469234466552734,
    "mass": 11311.078125
  },
  "275": {
    "height": 189818.79775943095,
    "speed": 1003.1139969581533,
    "angle": -55.4726676940918,
    "mass": 11311.078125
  },
  "280": {
    "height": 192211.03009591426,
    "speed": 989.456839888396,
    "angle": -58.42008972167969,
    "mass": 11311.078125
  },