{"0": {"height": 78305.5794222746, "speed": 174965.11345975843, "angle": 0.9996890597873264, "mass": 0.19644951135299626}, "5": {"height": 3.4887793411221506, "speed": 9.82865299426975, "angle": 0.9996890597873264, "mass": 0.19520048584452976}, "10": {"height": 2.5405869049472343, "speed": 5.5608217226897265, "angle": 0.9993048773871528, "mass": 0.19259007443405513}, "15": {"height": 2.1592091762227468, "speed": 4.224749740184058, "angle": 0.9993048773871528, "mass": 0.19099040404040404}, "20": {"height": 1.8815907835575258, "speed": 3.533201355300039, "angle": 0.9885641403164824, "mass": 0.19005890171161827}, "25": {"height": 1.6637569224557, "speed": 3.0725020836063757, "angle": 0.9803894328081202, "mass": 0.18960880863539445}, "30": {"height": 1.5229766042250765, "speed": 2.7330601300466286, "angle": 0.9679507228032799, "mass": 0.18903335731907894}, "35": {"height": 1.4141446136156857, "speed": 2.455209744076191, "angle": 0.9504453872334029, "mass": 0.1884241499717833}, "40": {"height": 1.3210481504090992, "speed": 2.2285630953736515, "angle": 0.9400427007558546, "mass": 0.18788382994186045}, "45": {"height": 1.2615042690592262, "speed": 2.0594521024972936, "angle": 0.9216801172962391, "mass": 0.18687378222422063}, "50": {"height": 1.2158701874778401, "speed": 1.931137652603197, "angle": 0.9024555852600341, "mass": 0.18568622370049506}, "55": {"height": 1.1831173893294429, "speed": 1.8386766473713063, "angle": 0.8788061449437974, "mass": 0.18430344868925833}, "60": {"height": 1.1578386458420737, "speed": 1.763203739051973, "angle": 0.8533751259735788, "mass": 0.1828856646825397}, "65": {"height": 1.1461315099097298, "speed": 1.7006104361031114, "angle": 0.8224749667079259, "mass": 0.18111782962328768}, "70": {"height": 1.1395831606031057, "speed": 1.6433508565983401, "angle": 0.7901048473319459, "mass": 0.1792839910333807}, "75": {"height": 1.1458399987000818, "speed": 1.6029143312600094, "angle": 0.753707132440146, "mass": 0.17697428097345133}, "80": {"height": 1.1565333880145416, "speed": 1.570173172778179, "angle": 0.7184417262146945, "mass": 0.17461979965490798}, "85": {"height": 1.168119162115366, "speed": 1.5380842330493558, "angle": 0.6691611964084674, "mass": 0.17250540385383387}, "90": {"height": 1.1818282582672286, "speed": 1.5049039716789592, "angle": 0.6215551495602437, "mass": 0.17066233072916667}, "95": {"height": 1.2087203021273352, "speed": 1.4627466126416642, "angle": 0.5731780460568554, "mass": 0.09210269218205575}, "100": {"height": 1.272401660196292, "speed": 1.361730396328334, "angle": 0.521036255922621, "mass": 0.09350101220346715}, "105": {"height": 1.3494420777273677, "speed": 1.2776077834782018, "angle": 0.4513470649570808, "mass": 0.09483866888170499}, "110": {"height": 1.4377810515283116, "speed": 1.2039443167735109, "angle": 0.37639484064862055, "mass": 0.0962323746219758}, "115": {"height": 1.5458792687633955, "speed": 1.1060434690738137, "angle": 0.29984247784200047, "mass": 0.0994182263962766}, "120": {"height": 1.6854359058131057, "speed": 1.0031307850616438, "angle": 0.32197111346993906, "mass": 0.19888908015156087}, "125": {"height": 1.8175359116281455, "speed": 0.9470670255014215, "angle": 0.32782310071815657, "mass": 0.20149283637873755}, "130": {"height": 1.9383568799383109, "speed": 0.914250023480232, "angle": 0.32394995966214757, "mass": 0.20604933281719648}, "135": {"height": 2.042626753463283, "speed": 0.8751874495645979, "angle": 0.295245991543775, "mass": 0.21200652499882855}, "140": {"height": 2.1325720657135974, "speed": 0.8380087555817766, "angle": 0.2626091787783136, "mass": 0.2183184351476549}, "145": {"height": 2.2070628346573447, "speed": 0.8028145868790963, "angle": 0.23027260950556602, "mass": 0.22501771771025017}, "150": {"height": 2.2720362235773273, "speed": 0.7690760203172301, "angle": 0.19733210217276181, "mass": 0.23214116213442793}, "155": {"height": 2.3254509765550817, "speed": 0.7369963618039855, "angle": 0.1644409452071508, "mass": 0.23973036878079795}, "160": {"height": 2.3690492736520254, "speed": 0.7064241629910369, "angle": 0.1314735194922412, "mass": 0.24783256189745836}, "165": {"height": 2.4048032052151087, "speed": 0.6771755019915768, "angle": 0.09892332869996504, "mass": 0.2565015732184364}, "170": {"height": 2.4315720229106734, "speed": 0.649373305187107, "angle": 0.06676587020045714, "mass": 0.2657990394783222}, "175": {"height": 2.451190989949657, "speed": 0.6228404000578452, "angle": 0.03454318639046312, "mass": 0.2757958701615361}, "180": {"height": 2.4647732836702207, "speed": 0.597466155700272, "angle": 0.0021289679385654184, "mass": 0.2865740594122118}, "185": {"height": 2.472129873340457, "speed": 0.5732735789579398, "angle": -0.030216266766883132, "mass": 0.2982289400830532}, "190": {"height": 2.4746181361270536, "speed": 0.5501205696979234, "angle": -0.06274802666371936, "mass": 0.3108720111309606}, "195": {"height": 2.4723604577411846, "speed": 0.5279938759101961, "angle": -0.09533293850214468, "mass": 0.3246345160364497}, "200": {"height": 2.465521030021334, "speed": 0.5068764711814557, "angle": -0.12784158698357553, "mass": 0.3396720157657658}, "205": {"height": 2.4554539421868435, "speed": 0.4866151746523296, "angle": -0.16065774778365735, "mass": 0.3561702944186413}, "210": {"height": 2.4410784180342238, "speed": 0.46733241540525566, "angle": -0.19313309339491935, "mass": 0.3743530738044018}, "215": {"height": 2.4239173955251117, "speed": 0.4488512538754691, "angle": -0.2257820280600148, "mass": 0.3944922181532828}, "220": {"height": 2.4042328443061414, "speed": 0.431136475643729, "angle": -0.2586039478408836, "mass": 0.4169214200147438}, "225": {"height": 2.3820422800058756, "speed": 0.41418211748732947, "angle": -0.2914660079335297, "mass": 0.442054836345872}, "230": {"height": 2.3574005744557858, "speed": 0.3979786352908982, "angle": -0.32449704126769313, "mass": 0.4704128976918278}, "235": {"height": 2.335784739464055, "speed": 0.38182799568403153, "angle": -0.3604308166106531, "mass": 0.5026587323630708}, "240": {"height": 2.307240313059898, "speed": 0.3669812876610317, "angle": -0.39340719355038145, "mass": 0.5396506739026717}, "245": {"height": 2.2744432522708813, "speed": 0.35311529245528395, "angle": -0.42432795945662477, "mass": 0.5825197952877559}, "250": {"height": 2.2434176000529487, "speed": 0.33943891553212024, "angle": -0.45762828445792414, "mass": 0.6327875874125874}, "255": {"height": 2.21051966800653, "speed": 0.32642104107196507, "angle": -0.4904361411096802, "mass": 0.6925503214449716}, "260": {"height": 2.1768319413741573, "speed": 0.3139116519594409, "angle": -0.5236645974818328, "mass": 0.7647787778904666}, "265": {"height": 2.1455412074001723, "speed": 0.30145867711993035, "angle": -0.5601947400898823, "mass": 0.8538273730892622}, "270": {"height": 2.109792878642365, "speed": 0.29000635627580856, "angle": -0.593347359097065, "mass": 0.9663458457923965}, "275": {"height": 2.073962350342294, "speed": 0.2789422623975632, "angle": -0.627311627718531, "mass": 1.1130212177121772}, "280": {"height": 2.036726297443953, "speed": 0.26842018517196486, "angle": -0.6606424947302961, "mass": 1.3314983078281342}, "285": {"height": 2.001681230783652, "speed": 0.25797958204311966, "angle": -0.6975421611542345, "mass": 1.3314983078281342}, "290": {"height": 1.9650126847813125, "speed": 0.24812177765132226, "angle": -0.73328295671779, "mass": 1.3314983078281342}, "295": {"height": 1.9261281331069964, "speed": 0.2389245541438876, "angle": -0.7664155163536922, "mass": 1.3314983078281342}, "300": {"height": 1.8872484364682123, "speed": 0.2300629258741167, "angle": -0.8000909300287197, "mass": 1.3314983078281342}, "305": {"height": 1.8478600175964663, "speed": 0.22159636843101982, "angle": -0.8335197644215125, "mass": 1.3314983078281342}, "310": {"height": 1.808655013431042, "speed": 0.21342880329390318, "angle": -0.8674908489153705, "mass": 1.3314983078281342}, "315": {"height": 1.7706882957286019, "speed": 0.2053718895081073, "angle": -0.9051647639323016,